ï»¿nombre,categoria_maps,telefono,telefono_norm,posible_celular,whatsapp_link,email,ciudad,calificacion,sitio_web,ecommerce,fuente,url_listing
Distribuidora Amazonas,Establecimiento de venta de madera,î‚°011 5705-6754,+541157056754,SI,https://wa.me/541157056754,,"îƒˆAv. Diaz Velez 1139 Entre calles Rio Negro, Emilio Mitre y, B1704HLX Ramos MejÃ­a, Provincia de Buenos Aires",,http://www.damazonas.com.ar/,,GoogleMaps,https://www.google.com/maps/place/Distribuidora+Amazonas/data=!4m7!3m6!1s0x95bcc86c20db1911:0x8d663967a06b717!8m2!3d-34.647566!4d-58.538964!16s%2Fg%2F11clsfyvvf!19sChIJERnbIGzIvJURF7cGepZj1gg?authuser=0&hl=es-419&rclk=1
Bella Distribuidora Mayorista,Mayorista,î‚°011 2543-8333,+541125438333,SI,https://wa.me/541125438333,,"îƒˆC1419CTA Ciudad AutÃ³noma de Buenos Aires AR, Helguera 3545 PB, C1419 CTA",,https://belladistribuidoramayorista.com.ar/,,GoogleMaps,https://www.google.com/maps/place/Bella+Distribuidora+Mayorista/data=!4m7!3m6!1s0x95bcb71f222b2e49:0xec7595f684b284c8!8m2!3d-34.5961457!4d-58.4971034!16s%2Fg%2F11h2mx_n4m!19sChIJSS4rIh-3vJURyISyhPaVdew?authuser=0&hl=es-419&rclk=1
Distribuidora del Sur,PerfumerÃ­a,î‚°011 5807-9701,+541158079701,SI,https://wa.me/541158079701,,"îƒˆAv. 9 de Julio 1156, B1824 LanÃºs, Provincia de Buenos Aires",,https://www.mercadolibre.com.ar/pagina/distrisurpro,,GoogleMaps,https://www.google.com/maps/place/Distribuidora+del+Sur/data=!4m7!3m6!1s0x95bccd2341c230dd:0xaac35fb5dd5d474!8m2!3d-34.7080763!4d-58.3897735!16s%2Fg%2F1v7pznzc!19sChIJ3TDCQSPNvJURdNTVXfs1rAo?authuser=0&hl=es-419&rclk=1
Mayorista Sevilla,Mayorista,,,,,,"îƒˆAv. Eva Peron 1999, B1884 Sourigues, Provincia de Buenos Aires",,,,GoogleMaps,https://www.google.com/maps/place/Mayorista+Sevilla/data=!4m7!3m6!1s0x95a3298f786770db:0x7d12fe4d3bc29378!8m2!3d-34.7934711!4d-58.2251348!16s%2Fg%2F11h_sdzv2y!19sChIJ23BneI8po5UReJPCO03-En0?authuser=0&hl=es-419&rclk=1
La Firma Distribuidora,Tienda de comestibles mayorista,î‚°011 2556-2386,+541125562386,SI,https://wa.me/541125562386,,"îƒˆAv. 21 1702, B1884ECF, B1884ECF Berazategui Oeste, Provincia de Buenos Aires",,https://www.owlgroup.com.ar/,,GoogleMaps,https://www.google.com/maps/place/La+Firma+Distribuidora/data=!4m7!3m6!1s0x95a329ba69460477:0x6c86a2be8d88dc6!8m2!3d-34.7847739!4d-58.2355888!16s%2Fg%2F11jr01gj8r!19sChIJdwRGabopo5URxo3Y6CtqyAY?authuser=0&hl=es-419&rclk=1
Distribuidora La Argentina,PanaderÃ­a mayorista,î‚°011 4297-8464,+541142978464,SI,https://wa.me/541142978464,,"îƒˆAv. Monteverde 2100, B1852 Burzaco, Provincia de Buenos Aires",,,,GoogleMaps,https://www.google.com/maps/place/Distribuidora+La+Argentina/data=!4m7!3m6!1s0x95a32b4dc990a9d3:0x41ca1198cf581c72!8m2!3d-34.8243786!4d-58.3672783!16s%2Fg%2F11c528zzj7!19sChIJ06mQyU0ro5URchxYz5gRykE?authuser=0&hl=es-419&rclk=1
Distribuidora BJ,Mayorista de artÃ­culos para la higiene,î‚°011 15-4030-5975,+54111540305975,NO,,,"îƒˆPedro LeÃ³n Gallo 2493, C1765 Isidro Casanova, Provincia de Buenos Aires",,,,GoogleMaps,https://www.google.com/maps/place/Distribuidora+BJ/data=!4m7!3m6!1s0x95bcc704aae64085:0xdf86e9a143a6898c!8m2!3d-34.6870779!4d-58.5829891!16s%2Fg%2F11j7b303_f!19sChIJhUDmqgTHvJURjImmQ6Hpht8?authuser=0&hl=es-419&rclk=1
Distribuidora Papelera S.A.,Distribuidor de papel,î‚°011 3401-6546,+541134016546,SI,https://wa.me/541134016546,,"îƒˆBarragÃ¡n 932, B1702 Ciudadela, Provincia de Buenos Aires",,http://distribuidorapapelera.com.ar/,,GoogleMaps,https://www.google.com/maps/place/Distribuidora+Papelera+S.A./data=!4m7!3m6!1s0x95bcb8008b2d4f49:0x461a2d8b4ade0587!8m2!3d-34.6252093!4d-58.5345495!16s%2Fg%2F11d_ynn01z!19sChIJSU8tiwC4vJURhwXeSostGkY?authuser=0&hl=es-419&rclk=1
Distribuidora Sarmiento,Mayorista,,,,,,"îƒˆAv. Eva PerÃ³n 4705, B1888 Santa Rosa, Provincia de Buenos Aires",,http://distribuidorasarmiento.com/,,GoogleMaps,https://www.google.com/maps/place/Distribuidora+Sarmiento/data=!4m7!3m6!1s0x95a3296c53215495:0xc00c3dc165b380fd!8m2!3d-34.8249036!4d-58.2776479!16s%2Fg%2F11r_v5zs0k!19sChIJlVQhU2wpo5UR_YCzZcE9DMA?authuser=0&hl=es-419&rclk=1
Distribuidora H,Tienda de repuestos para motos,î‚°011 2124-0436,+541121240436,SI,https://wa.me/541121240436,,"îƒˆRotarismo Argentino 2261, B1675AUG Villa Raffo, Provincia de Buenos Aires",,http://distribuidorah.com.ar/,,GoogleMaps,https://www.google.com/maps/place/Distribuidora+H/data=!4m7!3m6!1s0x95bcb7e4203234d5:0x48a6109cb3bdd339!8m2!3d-34.6133845!4d-58.5342885!16s%2Fg%2F11cjj2kspk!19sChIJ1TQyIOS3vJUROdO9s5wQpkg?authuser=0&hl=es-419&rclk=1
Diatribuidora Mayorista Belardinelli,Mayorista,î‚°02227 42-1864,+542227421864,SI,https://wa.me/542227421864,,"îƒˆDomingo Faustino Sarmiento 510, B7240 Lobos, Provincia de Buenos Aires",,,,GoogleMaps,https://www.google.com/maps/place/Diatribuidora+Mayorista+Belardinelli/data=!4m7!3m6!1s0x95bd07521115d871:0x46396208573f7e0e!8m2!3d-35.1908099!4d-59.093846!16s%2Fg%2F11q_chdn36!19sChIJcdgVEVIHvZURDn4_VwhiOUY?authuser=0&hl=es-419&rclk=1
Distribuidora De la tierra,Distribuidor de comestibles,î‚°011 3391-7527,+541133917527,SI,https://wa.me/541133917527,,"îƒˆPosadas 993, B1704 Ramos MejÃ­a, Provincia de Buenos Aires",,http://www.distribuidoradelatierra.com.ar/,,GoogleMaps,https://www.google.com/maps/place/Distribuidora+De+la+tierra/data=!4m7!3m6!1s0x95bcc933a1090187:0x38d17812dec65740!8m2!3d-34.6510815!4d-58.5342688!16s%2Fg%2F11h764kn2f!19sChIJhwEJoTPJvJURQFfG3hJ40Tg?authuser=0&hl=es-419&rclk=1
Distribuidora Graser,Servicio de distribuciÃ³n,î‚°011 4247-3152,+541142473152,SI,https://wa.me/541142473152,,"îƒˆB1824 LanÃºs, Provincia de Buenos Aires",,http://www.graser.com.ar/,,GoogleMaps,https://www.google.com/maps/place/Distribuidora+Graser/data=!4m7!3m6!1s0x95bcccd8a3bf71c3:0xdffd305a33e87a41!8m2!3d-34.6984429!4d-58.3876616!16s%2Fg%2F1v9v02x8!19sChIJw3G_o9jMvJURQXroM1ow_d8?authuser=0&hl=es-419&rclk=1
FERREMAX DISTRIBUIDORA,Mayorista,,,,,,"îƒˆBlvd. Armesti 3000, B1828 Banfield, Provincia de Buenos Aires",,,,GoogleMaps,https://www.google.com/maps/place/FERREMAX+DISTRIBUIDORA/data=!4m7!3m6!1s0x95a32d000e6be275:0xe6624230182fb27c!8m2!3d-34.7481188!4d-58.3614112!16s%2Fg%2F11vr8zyz2v!19sChIJdeJrDgAto5URfLIvGDBCYuY?authuser=0&hl=es-419&rclk=1
DIPA,Mayorista,î‚°0341 328-9361,+543413289361,SI,https://wa.me/543413289361,,"îƒˆAO12 KM 5, S2003HRS Rosario, Santa Fe",,http://dipa.ar/,,GoogleMaps,https://www.google.com/maps/place/DIPA/data=!4m7!3m6!1s0x95b7ac9c6083cde5:0x91d1c7e72bc05a80!8m2!3d-33.091168!4d-60.6812252!16s%2Fg%2F1tjypxjl!19sChIJ5c2DYJyst5URgFrAK-fH0ZE?authuser=0&hl=es-419&rclk=1
DISTRIBUIDORA GALICIA,Distribuidor de comestibles,î‚°0220 482-7569,+542204827569,SI,https://wa.me/542204827569,,"îƒˆBuenos Aires AR, Au Pres. HÃ©ctor JosÃ© CÃ¡mpora 2215, B1722 CTS, Provincia de Buenos Aires",,http://www.facebook.com/distribuidoragalicia,,GoogleMaps,https://www.google.com/maps/place/DISTRIBUIDORA+GALICIA/data=!4m7!3m6!1s0x95bcbfe581d66aeb:0xbf62ecebb2698d32!8m2!3d-34.6635668!4d-58.7261271!16s%2Fg%2F11b76qc62d!19sChIJ62rWgeW_vJURMo1psuvsYr8?authuser=0&hl=es-419&rclk=1
Grow Sweet Grow - GSG Distribuidora,Mayorista,î‚°011 6863-5001,+541168635001,SI,https://wa.me/541168635001,,"îƒˆBMG, Tte. Gral. Pablo Ricchieri 4543, B1702 Ciudadela, Provincia de Buenos Aires",,http://www.gsg.com.ar/,,GoogleMaps,https://www.google.com/maps/place/Grow+Sweet+Grow+-+GSG+Distribuidora/data=!4m7!3m6!1s0x95bcc976eec3ebf7:0x872fc29276e93a00!8m2!3d-34.6314708!4d-58.5535391!16s%2Fg%2F11k6lzp3dx!19sChIJ9-vD7nbJvJURADrpdpLCL4c?authuser=0&hl=es-419&rclk=1
Parodi SRL - Suc. CÃ³rdoba,Mayorista,î‚°0351 496-2621,+543514962621,SI,https://wa.me/543514962621,,îƒˆAv. CircunvalaciÃ³n entre Malvinas y Av. Arturo Capdevila,,http://parodisrl.com.ar/,,GoogleMaps,https://www.google.com/maps/place/Parodi+SRL+-+Suc.+C%C3%B3rdoba/data=!4m7!3m6!1s0x943297ea5ee1c505:0x5bdbb1a1d3640eba!8m2!3d-31.3813841!4d-64.1259054!16s%2Fg%2F11b7ln6dy1!19sChIJBcXhXuqXMpQRug5k06Gx21s?authuser=0&hl=es-419&rclk=1
M y F Distribuidora S. A.,Oficinas de empresa,î‚°011 4736-2882,+541147362882,SI,https://wa.me/541147362882,,"îƒˆColectora Este Panamericana 1493, B1618 El Talar, Provincia de Buenos Aires",,,,GoogleMaps,https://www.google.com/maps/place/M+y+F+Distribuidora+S.+A./data=!4m7!3m6!1s0x95bca35d58ef8467:0x69da6a516fc1186!8m2!3d-34.4771555!4d-58.6547401!16s%2Fg%2F11g8760pfh!19sChIJZ4TvWF2jvJURhhH8FqWmnQY?authuser=0&hl=es-419&rclk=1
Distribuidor MAYORISTA TIZIANO,Servicio de distribuciÃ³n,î‚°011 5083-1453,+541150831453,SI,https://wa.me/541150831453,,"îƒˆAv. RepÃºblica Argentina 3479, B1852JIJ Burzaco, Provincia de Buenos Aires",,,,GoogleMaps,https://www.google.com/maps/place/Distribuidor+MAYORISTA+TIZIANO/data=!4m7!3m6!1s0x95a32c9c1052ae75:0x46b713e51067d9d6!8m2!3d-34.8183497!4d-58.3653926!16s%2Fg%2F1tq4s7pz!19sChIJda5SEJwso5UR1tlnEOUTt0Y?authuser=0&hl=es-419&rclk=1
DISTRIBUIDORA MULTIMARCA S.A.,Establecimiento de depÃ³sito y venta,î‚°011 7540-7284,+541175407284,SI,https://wa.me/541175407284,,"îƒˆDomingo Faustino Sarmiento 3644, B1678 Caseros, Provincia de Buenos Aires",,https://dmsa.com.ar/,,GoogleMaps,https://www.google.com/maps/place/DISTRIBUIDORA+MULTIMARCA+S.A./data=!4m7!3m6!1s0x95bcb816d6b43b01:0x397fbeffa7cd7b0d!8m2!3d-34.6166602!4d-58.566168!16s%2Fg%2F11gcz2c7yf!19sChIJATu01ha4vJURDXvNp_--fzk?authuser=0&hl=es-419&rclk=1
Distribuidora Vegana BsAs,Distribuidor de comestibles,î‚°011 6476-6520,+541164766520,SI,https://wa.me/541164766520,,"îƒˆMelo 492, B1752 Lomas del Mirador, Provincia de Buenos Aires",,http://www.distribuidoraveganabsas.com.ar/,,GoogleMaps,https://www.google.com/maps/place/Distribuidora+Vegana+BsAs/data=!4m7!3m6!1s0x95bcc9765a321b4f:0x9b07ace504bfc727!8m2!3d-34.6629952!4d-58.5302123!16s%2Fg%2F11qprh8_xb!19sChIJTxsyWnbJvJURJ8e_BOWsB5s?authuser=0&hl=es-419&rclk=1
Distribuidora Argentina de Rodamientos Americo A Grieco,Proveedor de cojinetes,î‚°011 4918-0191,+541149180191,SI,https://wa.me/541149180191,,"îƒˆCrespo 3083, C1437ASC Cdad. AutÃ³noma de Buenos Aires",,,,GoogleMaps,https://www.google.com/maps/place/Distribuidora+Argentina+de+Rodamientos+Americo+A+Grieco/data=!4m7!3m6!1s0x95bccb99bec54d81:0xcfc99603e1236841!8m2!3d-34.6538672!4d-58.4272655!16s%2Fg%2F1hc2sf3_n!19sChIJgU3FvpnLvJURQWgj4QOWyc8?authuser=0&hl=es-419&rclk=1
Distribuidora Ruta 200,Mayorista,î‚°0220 482-2549,+542204822549,SI,https://wa.me/542204822549,,"îƒˆCervantes 2289, B1722 Merlo, Provincia de Buenos Aires",,,,GoogleMaps,https://www.google.com/maps/place/Distribuidora+Ruta+200/data=!4m7!3m6!1s0x95bc955afe1bca95:0xa146e410593cc4f!8m2!3d-34.6693609!4d-58.7462735!16s%2Fg%2F11gfk0db16!19sChIJlcob_lqVvJURT8yTBUFuFAo?authuser=0&hl=es-419&rclk=1
La Argentina II Distribuidora De Bebidas,,,,,,,"îƒˆColectora Este Ramal Escobar, B1610 Ricardo Rojas, Provincia de Buenos Aires",,,,GoogleMaps,https://www.google.com/maps/place/La+Argentina+II+Distribuidora+De+Bebidas/data=!4m7!3m6!1s0x95bca3a9f886f1a1:0xfe8d2d40d0545d88!8m2!3d-34.4643297!4d-58.6858395!16s%2Fg%2F11y4369swf!19sChIJofGG-KmjvJURiF1U0EAtjf4?authuser=0&hl=es-419&rclk=1
Distribuidora Argentina,Comercio,î‚°02346 42-1295,+542346421295,SI,https://wa.me/542346421295,,"îƒˆ9 de Julio 387, Chivilcoy, Provincia de Buenos Aires",,,,GoogleMaps,https://www.google.com/maps/place/Distribuidora+Argentina/data=!4m7!3m6!1s0x95bebab4b672f271:0xb2e8e2b9c77940d8!8m2!3d-34.892585!4d-60.0261363!16s%2Fg%2F1v1tp8ly!19sChIJcfJytrS6vpUR2EB5x7ni6LI?authuser=0&hl=es-419&rclk=1
Sexshop Mayorista / Sex Shop Argentino,Comercio,î‚°011 15-4399-7128,+54111543997128,NO,,,"îƒˆMartÃ­nez Rosas 1092, C1414 Cdad. AutÃ³noma de Buenos Aires",,https://sexshop-mayorista.com.ar/,,GoogleMaps,https://www.google.com/maps/place/Sexshop+Mayorista+%2F+Sex+Shop+Argentino/data=!4m7!3m6!1s0x95bccb95a1f4bb33:0xb240bae62d82cee5!8m2!3d-34.5989251!4d-58.4497386!16s%2Fg%2F11rkd9ctw5!19sChIJM7v0oZXLvJUR5c6CLea6QLI?authuser=0&hl=es-419&rclk=1
"Distribuidora Mayorista ""Camila""",Mayorista,î‚°011 3129-3392,+541131293392,SI,https://wa.me/541131293392,,"îƒˆPedro Pravaz 988, B1804 Ezeiza, Provincia de Buenos Aires",,https://linktr.ee/distribuidoracamila,,GoogleMaps,https://www.google.com/maps/place/Distribuidora+Mayorista+%22Camila%22/data=!4m7!3m6!1s0x95bcd1d269bbd3df:0x3e770c6f705250!8m2!3d-34.8449172!4d-58.523546!16s%2Fg%2F11jr6ghnvs!19sChIJ39O7adLRvJURUFJwbwx3PgA?authuser=0&hl=es-419&rclk=1
DISTRIBUIDORA NICJU,Servicio de transporte de mercancÃ­as,î‚°011 4488-8088,+541144888088,SI,https://wa.me/541144888088,,"îƒˆAv. DÃ­az VÃ©lez 1298 1702, B1702 Ciudadela, Provincia de Buenos Aires",,http://www.nicju.com.ar/,,GoogleMaps,https://www.google.com/maps/place/DISTRIBUIDORA+NICJU/data=!4m7!3m6!1s0x95bcc867dcbe0f39:0x4862d55af5866bbd!8m2!3d-34.6515367!4d-58.5329391!16s%2Fg%2F1tgpzcyh!19sChIJOQ--3GfIvJURvWuG9VrVYkg?authuser=0&hl=es-419&rclk=1
Nicolas Distribuidora,QueserÃ­a,,,,,,"îƒˆAv. San MartÃ­n 3134, B1824EKU Gran Buenos Aires, Provincia de Buenos Aires",,,,GoogleMaps,https://www.google.com/maps/place/Nicolas+Distribuidora/data=!4m7!3m6!1s0x95bcccff8da3964d:0xa429438921f47874!8m2!3d-34.703773!4d-58.414779!16s%2Fg%2F1thzq2fp!19sChIJTZajjf_MvJURdHj0IYlDKaQ?authuser=0&hl=es-419&rclk=1
Gema Distribuidora de Productos Naturales,Tienda de alimentos naturales,î‚°011 2263-2918,+541122632918,SI,https://wa.me/541122632918,,"îƒˆCamino de Cintura 598, B1838 Luis Guillon, Provincia de Buenos Aires",,https://www.gemadistribuidora.com.ar/categoria-producto/cereales/,,GoogleMaps,https://www.google.com/maps/place/Gema+Distribuidora+de+Productos+Naturales/data=!4m7!3m6!1s0x95bcd3d8d9c02a31:0xda573bf343cd157e!8m2!3d-34.7948658!4d-58.4474602!16s%2Fg%2F11qkq39krj!19sChIJMSrA2djTvJURfhXNQ_M7V9o?authuser=0&hl=es-419&rclk=1
Taranto San Juan Distribuidora,Fabricante de repuestos para automÃ³viles,î‚°011 4135-9000,+541141359000,SI,https://wa.me/541141359000,,"îƒˆMario Bravo 641, B1868BMM PiÃ±eyro, Provincia de Buenos Aires",,http://www.taranto.com.ar/,,GoogleMaps,https://www.google.com/maps/place/Taranto+San+Juan+Distribuidora/data=!4m7!3m6!1s0x95bcccbc1f39796d:0x6037a54b936c4054!8m2!3d-34.674193!4d-58.3898036!16s%2Fg%2F1tg_mtsb!19sChIJbXk5H7zMvJURVEBsk0ulN2A?authuser=0&hl=es-419&rclk=1
Quilmes Distribuidora Regional S.R.L.,Distribuidor de cerveza,î‚°03489 44-1570,+543489441570,SI,https://wa.me/543489441570,,"îƒˆColectora Nte. 1051, B1663 San Miguel, Provincia de Buenos Aires",,,,GoogleMaps,https://www.google.com/maps/place/Quilmes+Distribuidora+Regional+S.R.L./data=!4m7!3m6!1s0x95bb71929c74b59b:0xc3627aa1819a6da7!8m2!3d-34.1873915!4d-58.9454394!16s%2Fg%2F11byl4m5nn!19sChIJm7V0nJJxu5URp22agaF6YsM?authuser=0&hl=es-419&rclk=1
Distribuidora Visnu,Supermercado,î‚°011 3694-6516,+541136946516,SI,https://wa.me/541136946516,,"îƒˆSabatte 2244, B7245 Roque PÃ©rez, Provincia de Buenos Aires",,http://www.distribuidoravisnu.com.ar/,,GoogleMaps,https://www.google.com/maps/place/Distribuidora+Visnu/data=!4m7!3m6!1s0x95bcc76a37ec05d5:0x4fbf5af958b8f4f!8m2!3d-35.3909662!4d-59.3386853!16s%2Fg%2F11g4ccp0zc!19sChIJ1QXsN2rHvJURT4-Lla_1-wQ?authuser=0&hl=es-419&rclk=1
VC Distribuidora de Productos Arcor,Servicio de distribuciÃ³n,î‚°011 3767-0285,+541137670285,SI,https://wa.me/541137670285,,"îƒˆNicasio OroÃ±o 1426, C1416BZH Cdad. AutÃ³noma de Buenos Aires",,http://vcdistribuidora.com.ar/,,GoogleMaps,https://www.google.com/maps/place/VC+Distribuidora+de+Productos+Arcor/data=!4m7!3m6!1s0x95bcca0348d8d58b:0xcef1edc547d6b85!8m2!3d-34.6090774!4d-58.4584849!16s%2Fg%2F11b6_n0bvc!19sChIJi9XYSAPKvJURhWt9VNwe7ww?authuser=0&hl=es-419&rclk=1
Distribuidora Santa Rosa,Proveedor de materiales de construcciÃ³n,î‚°011 4469-2145,+541144692145,SI,https://wa.me/541144692145,,"îƒˆArgentina 1704, B1704 Ramos MejÃ­a, Provincia de Buenos Aires",,,,GoogleMaps,https://www.google.com/maps/place/Distribuidora+Santa+Rosa/data=!4m7!3m6!1s0x95bcc80ab64a4ab3:0x3f58fe4c0461b79b!8m2!3d-34.660771!4d-58.56637!16s%2Fg%2F11f06l13vk!19sChIJs0pKtgrIvJURm7dhBEz-WD8?authuser=0&hl=es-419&rclk=1
Db Distribuidora Argentina SA,Establecimiento de depÃ³sito y venta,î‚°011 4838-0383,+541148380383,SI,https://wa.me/541148380383,,"îƒˆFrancisco N. de Laprida 5052, B1603ABN Villa Martelli, Provincia de Buenos Aires",,http://dbdistribuidora.com/,,GoogleMaps,https://www.google.com/maps/place/Db+Distribuidora+Argentina+SA/data=!4m7!3m6!1s0x95bcb7231d57b545:0x40eb8f7d0c1c2583!8m2!3d-34.554181!4d-58.517844!16s%2Fg%2F11bx2ld0jw!19sChIJRbVXHSO3vJURgyUcDH2P60A?authuser=0&hl=es-419&rclk=1
Distribuidora Metropolitana,Empresa de transporte por camiÃ³n,,,,,,"îƒˆAv. Eva PerÃ³n 6980, C1439 Cdad. AutÃ³noma de Buenos Aires",,http://www.dmetrop.com.ar/,,GoogleMaps,https://www.google.com/maps/place/Distribuidora+Metropolitana/data=!4m7!3m6!1s0x95bcc917df8f93f5:0xf52f0245e76d9dfc!8m2!3d-34.6713377!4d-58.4968458!16s%2Fg%2F1tks7hfq!19sChIJ9ZOP3xfJvJUR_J1t50UCL_U?authuser=0&hl=es-419&rclk=1
Dis-Ar Distribuidora Argentina,Servicio de distribuciÃ³n,î‚°0341 642-1693,+543416421693,SI,https://wa.me/543416421693,,"îƒˆ3 de Febrero 1721 2Â° Piso, S2000BLI Rosario, Santa Fe",,,,GoogleMaps,https://www.google.com/maps/place/Dis-Ar+Distribuidora+Argentina/data=!4m7!3m6!1s0x95b7ab14826ccd87:0xb9d710a541fb8b35!8m2!3d-32.9512854!4d-60.648457!16s%2Fg%2F1tcx2q7h!19sChIJh81sghSrt5URNYv7QaUQ17k?authuser=0&hl=es-419&rclk=1
Distribuidora La Argentina,Tienda de bebidas alcohÃ³licas,î‚°011 2790-2631,+541127902631,SI,https://wa.me/541127902631,,"îƒˆAv. Constituyentes 3321, B1617 Gral. Pacheco, Provincia de Buenos Aires",,,,GoogleMaps,https://www.google.com/maps/place/Distribuidora+La+Argentina/data=!4m7!3m6!1s0x95bca300de65c785:0x69ff2bfe49db109c!8m2!3d-34.4469655!4d-58.6731564!16s%2Fg%2F11hntgt77_!19sChIJhcdl3gCjvJURnBDbSf4r_2k?authuser=0&hl=es-419&rclk=1
Distribuidora Esteban Echeverria,Servicio de distribuciÃ³n,î‚°011 2150-1050,+541121501050,SI,https://wa.me/541121501050,,"îƒˆLuis de Sarro 55, B1842 Luis Guillon, Provincia de Buenos Aires",,http://www.distribuidoraestebanecheverria.com.ar/,,GoogleMaps,https://www.google.com/maps/place/Distribuidora+Esteban+Echeverria/data=!4m7!3m6!1s0x95bcd3d0ca3be103:0xf3618846921607b3!8m2!3d-34.8069736!4d-58.4575486!16s%2Fg%2F11bbrjmn50!19sChIJA-E7ytDTvJURswcWkkaIYfM?authuser=0&hl=es-419&rclk=1
Distribuidora AR,Mayorista,î‚°02241 60-6325,+542241606325,SI,https://wa.me/542241606325,,"îƒˆCalle PÃºblica 225, 7130 ChascomÃºs, Provincia de Buenos Aires",,https://www.distribuidora.com.ar/,,GoogleMaps,https://www.google.com/maps/place/Distribuidora+AR/data=!4m7!3m6!1s0x9598736c0aa97b95:0x99926fbdff50302f!8m2!3d-35.5413231!4d-57.9864966!16s%2Fg%2F11ybwchjfp!19sChIJlXupCmxzmJURLzBQ_71vkpk?authuser=0&hl=es-419&rclk=1
Todo Mayorista Argentina,Mayorista textil,î‚°011 2619-5606,+541126195606,SI,https://wa.me/541126195606,,"îƒˆBOLIVIA 1616, Est. Plurinacional de Bolivia 1618, 1417 Buenos Aires",,http://www.todomayoristaargentina.com/,,GoogleMaps,https://www.google.com/maps/place/Todo+Mayorista+Argentina/data=!4m7!3m6!1s0x95bccdf42609ae0b:0xedcf170f9130e77f!8m2!3d-34.6132097!4d-58.4747285!16s%2Fg%2F11qh4wv921!19sChIJC64JJvTNvJURf-cwkQ8Xz-0?authuser=0&hl=es-419&rclk=1
"Distribuidora Mayorista ""Walter""",Mayorista,î‚°011 15-5856-8672,+54111558568672,NO,,,"îƒˆAv. Conquista del Desierto 1105, Ezeiza (Ruta 205, Gral. Winter y, Ezeiza, Provincia de Buenos Aires",,,,GoogleMaps,https://www.google.com/maps/place/Distribuidora+Mayorista+%22Walter%22/data=!4m7!3m6!1s0x95bcd7f43855795f:0xe3f8e369cea1c8d6!8m2!3d-34.8597366!4d-58.5292725!16s%2Fg%2F11hdngjpl2!19sChIJX3lVOPTXvJUR1sihzmnj-OM?authuser=0&hl=es-419&rclk=1
Distribuidora eva,Mayorista,î‚°02226 68-1534,+542226681534,SI,https://wa.me/542226681534,,"îƒˆIndependencia, Antonio DÃ­az y, 1814 CaÃ±uelas, Provincia de Buenos Aires",,,,GoogleMaps,https://www.google.com/maps/place/Distribuidora+eva/data=!4m7!3m6!1s0x95bd1f6a7a209967:0x9712c690d888344d!8m2!3d-35.0455611!4d-58.7670491!16s%2Fg%2F11w9yvpbcs!19sChIJZ5kgemofvZURTTSI2JDGEpc?authuser=0&hl=es-419&rclk=1
Mayorista de bebidas,Centro comercial,î‚°011 4948-3975,+541149483975,SI,https://wa.me/541149483975,,"îƒˆFranklin 6, C1405 Cdad. AutÃ³noma de Buenos Aires",,,,GoogleMaps,https://www.google.com/maps/place/Mayorista+de+bebidas/data=!4m7!3m6!1s0x95bccb9dea454de1:0x44526a0480de8a0f!8m2!3d-34.6050623!4d-58.4316379!16s%2Fg%2F11fn622n3n!19sChIJ4U1F6p3LvJURD4regARqUkQ?authuser=0&hl=es-419&rclk=1
DELITE | Distribuidora de alimentos,Distribuidor de comestibles,î‚°011 6232-7632,+541162327632,SI,https://wa.me/541162327632,,"îƒˆDip. M Pedrera 1395, B1823 LanÃºs, Provincia de Buenos Aires",,http://www.delite.com.ar/,,GoogleMaps,https://www.google.com/maps/place/DELITE+%7C+Distribuidora+de+alimentos/data=!4m7!3m6!1s0x95bccced76c80021:0xb943b6967d81b46!8m2!3d-34.6868512!4d-58.4048523!16s%2Fg%2F11hyl5636c!19sChIJIQDIdu3MvJURRhvYZ2k7lAs?authuser=0&hl=es-419&rclk=1
Artistica Palermo (Distribuidora AP),Mayorista,î‚°011 5620-1492,+541156201492,SI,https://wa.me/541156201492,,"îƒˆGral. JosÃ© Gervasio Artigas 1325, C1416 Cdad. AutÃ³noma de Buenos Aires",,http://www.artisticapalermo.com.ar/,,GoogleMaps,https://www.google.com/maps/place/Artistica+Palermo+%28Distribuidora+AP%29/data=!4m7!3m6!1s0x95bcc94fe8e52f1f:0x2c79af24fc50fccc!8m2!3d-34.6153624!4d-58.4708893!16s%2Fg%2F11s887jkcy!19sChIJHy_l6E_JvJURzPxQ_CSveSw?authuser=0&hl=es-419&rclk=1
CompaÃ±ia Distribuidora Argentina Sa,,,,,,,"îƒˆSta. Rosa 2250 1, B1714FAB ItuzaingÃ³, Provincia de Buenos Aires",,,,GoogleMaps,https://www.google.com/maps/place/Compa%C3%B1ia+Distribuidora+Argentina+Sa/data=!4m7!3m6!1s0x95bcbf37d20d110b:0x9e9b76e7da53321c!8m2!3d-34.635144!4d-58.654585!16s%2Fg%2F11v6cs1pxr!19sChIJCxEN0je_vJURHDJT2ud2m54?authuser=0&hl=es-419&rclk=1
Distribuidora Emporio GastronÃ³mico,Tienda de comestibles mayorista,î‚°011 7103-3127,+541171033127,SI,https://wa.me/541171033127,,"îƒˆC. 893 4225, B1881 San Francisco Solano, Provincia de Buenos Aires",,https://www.instagram.com/emporiogastronomico.dist/,,GoogleMaps,https://www.google.com/maps/place/Distribuidora+Emporio+Gastron%C3%B3mico/data=!4m7!3m6!1s0x95a32c69f07e3e93:0x15d6859852f5c0b3!8m2!3d-34.7770078!4d-58.3092476!16s%2Fg%2F1tm89m92!19sChIJkz5-8Gkso5URs8D1UpiF1hU?authuser=0&hl=es-419&rclk=1
Argentina Distribuciones,Supermercado,î‚°03525 46-0099,+543525460099,SI,https://wa.me/543525460099,,"îƒˆAv. de los Fundadores, X5223 CÃ³rdoba",,http://www.argentinadist.com/,,GoogleMaps,https://www.google.com/maps/place/Argentina+Distribuciones/data=!4m7!3m6!1s0x94326215e7726335:0x4eb4e8ddb70244d6!8m2!3d-31.0267733!4d-64.0714897!16s%2Fg%2F11f3_4tsr0!19sChIJNWNy5xViMpQR1kQCt93otE4?authuser=0&hl=es-419&rclk=1
Distribuidora San MartÃ­n,Tienda de comestibles mayorista,î‚°011 4986-6784,+541149866784,SI,https://wa.me/541149866784,,"îƒˆAv. Gral. San MartÃ­n 4902, B1752 La Tablada, Provincia de Buenos Aires",,,,GoogleMaps,https://www.google.com/maps/place/Distribuidora+San+Mart%C3%ADn/data=!4m7!3m6!1s0x95bcc914f96b9391:0x48cadd41ef4ea481!8m2!3d-34.6812665!4d-58.5197926!16s%2Fg%2F11gr1cypd5!19sChIJkZNr-RTJvJURgaRO70Hdykg?authuser=0&hl=es-419&rclk=1
Distribuidora Rel SRL,Distribuidor de cerveza,î‚°011 4652-4064,+541146524064,SI,https://wa.me/541146524064,,"îƒˆAv. Gral. San MartÃ­n 4891, B1766GJJ La Tablada, Provincia de Buenos Aires",,http://www.distribuidorarel.com.ar/,,GoogleMaps,https://www.google.com/maps/place/Distribuidora+Rel+SRL/data=!4m7!3m6!1s0x95bcc8c34cd3f4e7:0x73d222af3ca1e147!8m2!3d-34.6812683!4d-58.5200885!16s%2Fg%2F1hc89qb_2!19sChIJ5_TTTMPIvJURR-GhPK8i0nM?authuser=0&hl=es-419&rclk=1
Distribuidora Marclad,Proveedor mayorista de alimentos,î‚°011 5606-1866,+541156061866,SI,https://wa.me/541156061866,,"îƒˆAgustÃ­n Magaldi 1110, B1657 Loma Hermosa, Provincia de Buenos Aires",,https://distrimarclad.com/es/,,GoogleMaps,https://www.google.com/maps/place/Distribuidora+Marclad/data=!4m7!3m6!1s0x95bcb9ecb06a6017:0x62a9029df00bc0cd!8m2!3d-34.5687638!4d-58.6001946!16s%2Fg%2F11ljt1381j!19sChIJF2BqsOy5vJURzcAL8J0CqWI?authuser=0&hl=es-419&rclk=1
Distribuidora Belgrano,Servicio de distribuciÃ³n,î‚°011 4697-5685,+541146975685,SI,https://wa.me/541146975685,,"îƒˆCpto IbÃ¡Ã±ez 695, MorÃ³n, Provincia de Buenos Aires",,,,GoogleMaps,https://www.google.com/maps/place/Distribuidora+Belgrano/data=!4m7!3m6!1s0x95bc95736fe32a1f:0xa468fdfed49e65f3!8m2!3d-34.6856684!4d-58.6360174!16s%2Fg%2F1th0cmg4!19sChIJHyrjb3OVvJUR82We1P79aKQ?authuser=0&hl=es-419&rclk=1
DISTRAR - Distribuidora Argentina de artÃ­culos informÃ¡ticos,Tienda de informÃ¡tica,î‚°011 15-3341-4253,+54111533414253,NO,,,"îƒˆGualeguaychÃº 2054, C1417 Cdad. AutÃ³noma de Buenos Aires",,https://www.distrar.com/,,GoogleMaps,https://www.google.com/maps/place/DISTRAR+-+Distribuidora+Argentina+de+art%C3%ADculos+inform%C3%A1ticos/data=!4m7!3m6!1s0x95bcca0c2fc759a5:0x6f4a3f6987ca47b8!8m2!3d-34.616308!4d-58.500709!16s%2Fg%2F11c5094gr0!19sChIJpVnHLwzKvJURuEfKh2k_Sm8?authuser=0&hl=es-419&rclk=1
Distribuidora Velazco,Servicio de distribuciÃ³n,î‚°011 4223-5015,+541142235015,SI,https://wa.me/541142235015,,"îƒˆAv. RepÃºblica Argentina 5502, B1861 Platanos, Provincia de Buenos Aires",,,,GoogleMaps,https://www.google.com/maps/place/Distribuidora+Velazco/data=!4m7!3m6!1s0x95a32623a8df895f:0x8620e0a344220491!8m2!3d-34.7781008!4d-58.1779199!16s%2Fg%2F1v8gd6k5!19sChIJX4nfqCMmo5URkQQiRKPgIIY?authuser=0&hl=es-419&rclk=1
Distribuidora y Bizcochuelos Agustin,Comercio,î‚°011 2818-6722,+541128186722,SI,https://wa.me/541128186722,,"îƒˆFray Jose Achaval 3848, B1824FQN Monte Chingolo, Provincia de Buenos Aires",,http://pency.app/distribuidoraagustin,,GoogleMaps,https://www.google.com/maps/place/Distribuidora+y+Bizcochuelos+Agustin/data=!4m7!3m6!1s0x95bcd365de14fbf5:0x38116957cc18dee5!8m2!3d-34.738597!4d-58.3735729!16s%2Fg%2F11bbrlm9_r!19sChIJ9fsU3mXTvJUR5d4YzFdpETg?authuser=0&hl=es-419&rclk=1
DISTRIBUIDORA MADACILO,Tienda de bebidas alcohÃ³licas,î‚°011 4650-3021,+541146503021,SI,https://wa.me/541146503021,,"îƒˆAv. Pres. PerÃ³n 1662, B1706CFO Gran Buenos Aires, Provincia de Buenos Aires",,http://www.madacilo.com.ar/,,GoogleMaps,https://www.google.com/maps/place/DISTRIBUIDORA+MADACILO/data=!4m7!3m6!1s0x95bcb877f23d6155:0xfbd70fb0827db5c8!8m2!3d-34.6356197!4d-58.5881561!16s%2Fg%2F1wnf26yw!19sChIJVWE98ne4vJURyLV9grAP1_s?authuser=0&hl=es-419&rclk=1
Distribuidora Don Juan SRL,Mayorista,î‚°011 4461-6400,+541144616400,SI,https://wa.me/541144616400,,"îƒˆJYI San Justo Buenos Aires AR, RamÃ³n Lorenzo FalcÃ³n 3883, B1754",,http://www.donjuansrl.com.ar/,,GoogleMaps,https://www.google.com/maps/place/Distribuidora+Don+Juan+SRL/data=!4m7!3m6!1s0x95bcc64c76d1b16d:0x968e1ae5c67725b9!8m2!3d-34.6783642!4d-58.5832953!16s%2Fg%2F1tc_9w3q!19sChIJbbHRdkzGvJURuSV3xuUajpY?authuser=0&hl=es-419&rclk=1
DB Distribuidora Argentina Fabrica Barnices,Mayorista,î‚°03327 15-44-3990,+54332715443990,NO,,,"îƒˆArea de PromociÃ³n El TriÃ¡ngulo Buenos Aires AR, Watt 2196, B1615 AOD",,http://www.dbdistribuidora.com/,,GoogleMaps,https://www.google.com/maps/place/DB+Distribuidora+Argentina+Fabrica+Barnices/data=!4m7!3m6!1s0x95bca37ca7e909d7:0xbd0574f9e93312f2!8m2!3d-34.461682!4d-58.6975961!16s%2Fg%2F11ffnxzvyt!19sChIJ1wnpp3yjvJUR8hIz6fl0Bb0?authuser=0&hl=es-419&rclk=1
Distribuidora Tola,Distribuidor de cerveza,î‚°011 5133-5312,+541151335312,SI,https://wa.me/541151335312,,"îƒˆ25 de Mayo, B1834 JosÃ© Marmol, Provincia de Buenos Aires",,,,GoogleMaps,https://www.google.com/maps/place/Distribuidora+Tola/data=!4m7!3m6!1s0x95bcd32c6fc9fb05:0xff73c2454ef76345!8m2!3d-34.7805396!4d-58.3755451!16s%2Fg%2F11hbbssds9!19sChIJBfvJbyzTvJURRWP3TkXCc_8?authuser=0&hl=es-419&rclk=1
Distribuidora El Galponcito,Tienda de comestibles mayorista,î‚°011 6267-6729,+541162676729,SI,https://wa.me/541162676729,,"îƒˆCLM La Tablada Buenos Aires AR, Mariano Moreno 5208, B1751",,,,GoogleMaps,https://www.google.com/maps/place/Distribuidora+El+Galponcito/data=!4m7!3m6!1s0x95bcc954edce7d95:0xf9cc538f2c68740b!8m2!3d-34.684451!4d-58.5192525!16s%2Fg%2F11gn206hd9!19sChIJlX3O7VTJvJURC3RoLI9TzPk?authuser=0&hl=es-419&rclk=1
Distribuidora de CafÃ© - Granos y Molido. Argentina - Buenos Aires - Patagonia - Norte,Tostaderos de cafÃ©,î‚°0297 15-544-4791,+54297155444791,NO,,,"îƒˆMontiel 110, C1408 Cdad. AutÃ³noma de Buenos Aires",,,,GoogleMaps,https://www.google.com/maps/place/Distribuidora+de+Caf%C3%A9+-+Granos+y+Molido.+Argentina+-+Buenos+Aires+-+Patagonia+-+Norte/data=!4m7!3m6!1s0x95bcc9e354217b7b:0x10edbb97fd485460!8m2!3d-34.6404281!4d-58.5262487!16s%2Fg%2F11r3zmk5l8!19sChIJe3shVOPJvJURYFRI_Ze77RA?authuser=0&hl=es-419&rclk=1
EfeGe Distribuidora de Distribuidora Nopthon SRL,Servicio de distribuciÃ³n,î‚°011 4441-2902,+541144412902,SI,https://wa.me/541144412902,,"îƒˆCatriel 3585, B1752 Lomas del Mirador, Provincia de Buenos Aires",,http://www.efegedistribuidora.com.ar/,,GoogleMaps,https://www.google.com/maps/place/EfeGe+Distribuidora+de+Distribuidora+Nopthon+SRL/data=!4m7!3m6!1s0x95bcc891081532a1:0x7e1b71783810af27!8m2!3d-34.6750882!4d-58.5394896!16s%2Fg%2F11bbrprkkm!19sChIJoTIVCJHIvJURJ68QOHhxG34?authuser=0&hl=es-419&rclk=1
Leo Rodriguez Distribuidora,Tienda de suministros para peluquerÃ­a,î‚°011 7160-5604,+541171605604,SI,https://wa.me/541171605604,,"îƒˆInt. Manuel Quindimil 600, B1824 LanÃºs, Provincia de Buenos Aires",,http://www.leorodriguezdistribuidora.com.ar/,,GoogleMaps,https://www.google.com/maps/place/Leo+Rodriguez+Distribuidora/data=!4m7!3m6!1s0x95bccce81d4e9d31:0xd0c131fea54e4cfd!8m2!3d-34.6937046!4d-58.39763!16s%2Fg%2F11g88vc2gf!19sChIJMZ1OHejMvJUR_UxOpf4xwdA?authuser=0&hl=es-419&rclk=1
Dietetica-Distribuidora Positiva,Tienda de frutos secos,î‚°011 3493-8193,+541134938193,SI,https://wa.me/541134938193,,"îƒˆArgentina 4453, B1766 La Tablada, Provincia de Buenos Aires",,http://www.positivamarket.com.ar/,,GoogleMaps,https://www.google.com/maps/place/Dietetica-Distribuidora+Positiva/data=!4m7!3m6!1s0x95bcc797a7c850d5:0xacda52075780656c!8m2!3d-34.6815044!4d-58.5407867!16s%2Fg%2F11l98h3rl5!19sChIJ1VDIp5fHvJURbGWAVwdS2qw?authuser=0&hl=es-419&rclk=1
Refrigeracion Distribuidora Belgrano,Proveedor de repuestos de electrodomÃ©sticos,î‚°011 3158-0698,+541131580698,SI,https://wa.me/541131580698,,"îƒˆCarlos Braggio 1236, B1876 Bernal Oeste, Provincia de Buenos Aires",,http://distribuidorabelgrano.com.ar/,,GoogleMaps,https://www.google.com/maps/place/Refrigeracion+Distribuidora+Belgrano/data=!4m7!3m6!1s0x95a32d2c5c0b4cb1:0x83f54164a0fa3491!8m2!3d-34.738962!4d-58.3235335!16s%2Fg%2F11g0l3bs6v!19sChIJsUwLXCwto5URkTT6oGRB9YM?authuser=0&hl=es-419&rclk=1
Distribuidora Mayjo | MorÃ³n,Tienda de artÃ­culos de fiesta,î‚°011 15-5962-5786,+54111559625786,NO,,,"îƒˆB1708FGS, Av. Eva PerÃ³n 4598, B1708 FGS, Provincia de Buenos Aires",,,,GoogleMaps,https://www.google.com/maps/place/Distribuidora+Mayjo+%7C+Mor%C3%B3n/data=!4m7!3m6!1s0x95bcc6d112173b89:0xccfce4d505dc70af!8m2!3d-34.6977617!4d-58.63835!16s%2Fg%2F11fy1r_v7k!19sChIJiTsXEtHGvJURr3DcBdXk_Mw?authuser=0&hl=es-419&rclk=1
Santa Planta Distribuidora de Grow Shops,Mayorista,î‚°011 15-6355-6923,+54111563556923,NO,,,"îƒˆAv. Amancio Alcorta 2184, C1283 Cdad. AutÃ³noma de Buenos Aires",,http://www.santaplanta.com.ar/,,GoogleMaps,https://www.google.com/maps/place/Santa+Planta+Distribuidora+de+Grow+Shops/data=!4m7!3m6!1s0x95bccb2ecf3628c3:0xe28ee532a82b3259!8m2!3d-34.6413169!4d-58.3924745!16s%2Fg%2F11f3t_9r15!19sChIJwyg2zy7LvJURWTIrqDLljuI?authuser=0&hl=es-419&rclk=1
Distribuidora Zucchi,Servicio de distribuciÃ³n,î‚°02226 47-7914,+542226477914,SI,https://wa.me/542226477914,,"îƒˆCKA, Saavedra 555, B1814 CaÃ±uelas, Provincia de Buenos Aires",,http://www.distribuidorazucchi.com.ar/,,GoogleMaps,https://www.google.com/maps/place/Distribuidora+Zucchi/data=!4m7!3m6!1s0x95bd1f71a2410e81:0x6775dfcf4d92a2df!8m2!3d-35.0496284!4d-58.7526771!16s%2Fg%2F11ggr5lt5r!19sChIJgQ5BonEfvZUR36KSTc_fdWc?authuser=0&hl=es-419&rclk=1
Polesie Argentina - Distribuidora M.T.F S.A,JugueterÃ­a,î‚°011 15-7143-5864,+54111571435864,NO,,,"îƒˆEvita 395, B1768 Villa Madero, Provincia de Buenos Aires",,https://web-mayoristas.web.app/,,GoogleMaps,https://www.google.com/maps/place/Polesie+Argentina+-+Distribuidora+M.T.F+S.A/data=!4m7!3m6!1s0x95bccfab9ae25933:0xa6d0a441a00b6011!8m2!3d-34.6950482!4d-58.5006786!16s%2Fg%2F11n52_pj0w!19sChIJM1nimqvPvJUREWALoEGk0KY?authuser=0&hl=es-419&rclk=1
Distribuidora Platanos,Tienda de alimentaciÃ³n,,,,,,"îƒˆB1861CIT, Av. RepÃºblica Argentina 5600-5502, B1861CIT Platanos, Provincia de Buenos Aires",,,,GoogleMaps,https://www.google.com/maps/place/Distribuidora+Platanos/data=!4m7!3m6!1s0x95a32622c429deff:0xe0684fcabfe1ea40!8m2!3d-34.779145!4d-58.1788204!16s%2Fg%2F11f_4s88dt!19sChIJ_94pxCImo5URQOrhv8pPaOA?authuser=0&hl=es-419&rclk=1
GLAM Distribuciones,,î‚°011 5276-2640,+541152762640,SI,https://wa.me/541152762640,,"îƒˆAv. del Libertador 6550, C1428 ARV, Cdad. AutÃ³noma de Buenos Aires",,http://www.glamdistribuciones.com.ar/,,GoogleMaps,https://www.google.com/maps/place/GLAM+Distribuciones/data=!4m7!3m6!1s0x95bcb42e18359d73:0x381780d04695fb6f!8m2!3d-34.5518442!4d-58.4522097!16s%2Fg%2F11g03qh6x7!19sChIJc501GC60vJURb_uVRtCAFzg?authuser=0&hl=es-419&rclk=1
Distribuidora Integral,FerreterÃ­a,î‚°011 3082-2062,+541130822062,SI,https://wa.me/541130822062,,"îƒˆCnel. AlbariÃ±os 2650, B1826 Remedios de Escalada, Provincia de Buenos Aires",,http://www.distri-integral.com.ar/,,GoogleMaps,https://www.google.com/maps/place/Distribuidora+Integral/data=!4m7!3m6!1s0x95bccd454d53e61d:0x3c2cce09cd0cd5ce!8m2!3d-34.7274899!4d-58.3837325!16s%2Fg%2F11g88vkcgg!19sChIJHeZTTUXNvJURztUMzQnOLDw?authuser=0&hl=es-419&rclk=1
Distribuidora de bebidas,Distribuidor de cerveza,î‚°011 4305-3715,+541143053715,SI,https://wa.me/541143053715,,"îƒˆC1137ACF CABA AR, Salta 1345, C1137ACF, C1137 ACF",,,,GoogleMaps,https://www.google.com/maps/place/Distribuidora+de+bebidas/data=!4m7!3m6!1s0x95bccbfcc2aaebf5:0xd0221a24a60ca421!8m2!3d-34.6240487!4d-58.383051!16s%2Fg%2F11fj8dcbdk!19sChIJ9euqwvzLvJURIaQMpiQaItA?authuser=0&hl=es-419&rclk=1
Distribuidora Pompeya,Tienda de productos de belleza,î‚°011 3939-0021,+541139390021,SI,https://wa.me/541139390021,,"îƒˆAv. SÃ¡enz 1125, C1437DOD Cdad. AutÃ³noma de Buenos Aires",,https://distripompeya.com.ar/,,GoogleMaps,https://www.google.com/maps/place/Distribuidora+Pompeya/data=!4m7!3m6!1s0x95bccb76174f50a3:0x525b5bc674098fe!8m2!3d-34.6533667!4d-58.4167381!16s%2Fg%2F11byl41wmx!19sChIJo1BPF3bLvJUR_phAZ7y1JQU?authuser=0&hl=es-419&rclk=1
SG DISTRIBUIDORA,,î‚°011 7119-6927,+541171196927,SI,https://wa.me/541171196927,,"îƒˆAv. Calle Real 1714, B1716 Merlo, Provincia de Buenos Aires",,https://www.mercadolibre.com.ar/pagina/distribuidorasg,,GoogleMaps,https://www.google.com/maps/place/SG+DISTRIBUIDORA/data=!4m7!3m6!1s0x95bcc19f9d04f5bb:0x601555137c3cce96!8m2!3d-34.6825945!4d-58.7000593!16s%2Fg%2F11wtx3n2ny!19sChIJu_UEnZ_BvJURls48fBNVFWA?authuser=0&hl=es-419&rclk=1
DBA Bebidas,,î‚°011 4554-5527,+541145545527,SI,https://wa.me/541145545527,,"îƒˆEstomba 108, C1427 Cdad. AutÃ³noma de Buenos Aires",,https://dba.com.ar/,,GoogleMaps,https://www.google.com/maps/place/DBA+Bebidas/data=!4m7!3m6!1s0x95bcb60a3c646a39:0xf9d3678006d31ac1!8m2!3d-34.5896262!4d-58.4703735!16s%2Fg%2F11h40z_rsl!19sChIJOWpkPAq2vJURwRrTBoBn0_k?authuser=0&hl=es-419&rclk=1
Distribuidora Ag SRL,Servicio de distribuciÃ³n,î‚°0341 462-3668,+543414623668,SI,https://wa.me/543414623668,,"îƒˆJ M Pueyrred n, PueyrredÃ³n 5033, Rosario, Santa Fe",,,,GoogleMaps,https://www.google.com/maps/place/Distribuidora+Ag+SRL/data=!4m7!3m6!1s0x95b7abf406379781:0xbadc40e36997deb1!8m2!3d-32.9967509!4d-60.6692486!16s%2Fg%2F1vxcxllq!19sChIJgZc3BvSrt5URsd6XaeNA3Lo?authuser=0&hl=es-419&rclk=1
